Year,City,State,Population,latitude,longitude
1800,Hartford,CT,3523,41.763711,-72.685093
1800,New Haven,CT,4049,41.308274,-72.927883
1800,New London,CT,5150,41.355654,-72.099521
1800,Alexandria,DC,4971,38.804836,-77.046921
1800,Georgetown,DC,2993,38.909706,-77.065356
1800,Washington,DC,3210,38.907192,-77.036871
1800,Savannah,GA,5146,32.083541,-81.099834
1800,Boston,MA,24937,42.360083,-71.05888
1800,Gloucester,MA,5313,42.615929,-70.661989
1800,Marblehead,MA,5211,42.499958,-70.857802
1800,Middleborough,MA,4458,41.892994,-70.910771
1800,Nantucket,MA,5617,41.28347,-70.099451
1800,New Bedford,MA,4361,41.636215,-70.934205
1800,Newburyport,MA,5946,42.812591,-70.877275
1800,Salem,MA,9457,42.51954,-70.896716
1800,Baltimore,MD,26514,39.290385,-76.612189
1800,Portland,ME,3704,43.661471,-70.255326
1800,Portsmouth,NH,5339,43.071755,-70.762553
1800,Albany,NY,5289,42.652579,-73.756232
1800,Hudson,NY,3664,42.252865,-73.790959
1800,New York,NY,60515,40.712784,-74.005941
1800,Schenectady,NY,5289,42.814243,-73.939569
1800,Lancaster,PA,4292,40.037876,-76.305514
1800,Northern Liberties,PA,10718,39.963692,-75.139944
1800,Philadelphia,PA,41220,39.952584,-75.165222
1800,Southwark,PA,9621,39.938263,-75.147241
1800,York,PA,2503,39.962598,-76.727745
1800,Newport,RI,6739,41.490102,-71.312829
1800,Providence,RI,7614,41.823989,-71.412834
1800,Charleston,SC,18824,32.776475,-79.931051
1800,Norfolk,VA,6926,36.850769,-76.285873
1800,Petersburg,VA,3521,37.227928,-77.401927
1800,Richmond,VA,5737,37.540725,-77.436048
1810,Hartford,CT,3955,41.763711,-72.685093
1810,New Haven,CT,5772,41.308274,-72.927883
1810,New London,CT,3238,41.355654,-72.099521
1810,Norwich,CT,2976,41.524265,-72.07591
1810,Alexandria,DC,7227,38.804836,-77.046921
1810,Georgetown,DC,4948,38.909706,-77.065356
1810,Washington,DC,8208,38.907192,-77.036871
1810,Savannah,GA,5215,32.083541,-81.099834
1810,Lexington,KY,4326,38.040584,-84.503716
1810,New Orleans,LA,17242,29.951066,-90.071532
1810,Beverly,MA,4608,42.558428,-70.880049
1810,Boston,MA,33787,42.360083,-71.05888
1810,Charlestown,MA,4959,42.378207,-71.060213
1810,Gloucester,MA,5943,42.615929,-70.661989
1810,Lynn,MA,4087,42.466763,-70.949494
1810,Marblehead,MA,5900,42.499958,-70.857802
1810,Middleborough,MA,4400,41.892994,-70.910771
1810,Nantucket,MA,6807,41.28347,-70.099451
1810,New Bedford,MA,5651,41.636215,-70.934205
1810,Newburyport,MA,7634,42.812591,-70.877275
1810,Plymouth,MA,4228,41.958446,-70.667262
1810,Salem,MA,12613,42.51954,-70.896716
1810,Baltimore,MD,46555,39.290385,-76.612189
1810,Portland,ME,7169,43.661471,-70.255326
1810,Portsmouth,NH,6934,43.071755,-70.762553
1810,Elizabeth,NJ,2977,40.663992,-74.210701
1810,Trenton,NJ,3002,40.217053,-74.742938
1810,Albany,NY,10762,42.652579,-73.756232
1810,Brooklyn,NY,4402,40.678178,-73.944158
1810,Hudson,NY,4048,42.252865,-73.790959
1810,New York,NY,96373,40.712784,-74.005941
1810,Schenectady,NY,5903,42.814243,-73.939569
1810,Cincinnati,OH,2540,39.103118,-84.51202
1810,Lancaster,PA,5405,40.037876,-76.305514
1810,Northern Liberties,PA,19874,39.963692,-75.139944
1810,Philadelphia,PA,53722,39.952584,-75.165222
1810,Pittsburgh,PA,4768,40.440625,-79.995886
1810,Reading,PA,3462,40.335648,-75.926875
1810,Southwark,PA,13707,39.938263,-75.147241
1810,York,PA,2847,39.962598,-76.727745
1810,Newport,RI,7907,41.490102,-71.312829
1810,Providence,RI,10071,41.823989,-71.412834
1810,Charleston,SC,24711,32.776475,-79.931051
1810,Norfolk,VA,9193,36.850769,-76.285873
1810,Petersburg,VA,5668,37.227928,-77.401927
1810,Richmond,VA,9735,37.540725,-77.436048
1820,Hartford,CT,4726,41.763711,-72.685093
1820,Middletown,CT,2618,41.562321,-72.650649
1820,New Haven,CT,7147,41.308274,-72.927883
1820,New London,CT,3330,41.355654,-72.099521
1820,Norwich,CT,2983,41.524265,-72.07591
1820,Alexandria,DC,8218,38.804836,-77.046921
1820,Georgetown,DC,7360,38.909706,-77.065356
1820,Washington,DC,13247,38.907192,-77.036871
1820,Savannah,GA,7523,32.083541,-81.099834
1820,Lexington,KY,5279,38.040584,-84.503716
1820,Louisville,KY,4012,38.252665,-85.758456
1820,New Orleans,LA,27176,29.951066,-90.071532
1820,Beverly,MA,4283,42.558428,-70.880049
1820,Boston,MA,43298,42.360083,-71.05888
1820,Charlestown,MA,6591,42.378207,-71.060213
1820,Gloucester,MA,6384,42.615929,-70.661989
1820,Lynn,MA,4515,42.466763,-70.949494
1820,Marblehead,MA,5630,42.499958,-70.857802
1820,Middleborough,MA,4687,41.892994,-70.910771
1820,Nantucket,MA,7266,41.28347,-70.099451
1820,New Bedford,MA,3947,41.636215,-70.934205
1820,Newburyport,MA,6852,42.812591,-70.877275
1820,Plymouth,MA,4348,41.958446,-70.667262
1820,Roxbury,MA,4135,42.315198,-71.091375
1820,Salem,MA,12731,42.51954,-70.896716
1820,Taunton,MA,4520,41.900101,-71.089767
1820,Baltimore,MD,62738,39.290385,-76.612189
1820,Frederick,MD,3640,39.414269,-77.410541
1820,Portland,ME,8581,43.661471,-70.255326
1820,Fayetteville,NC,3532,35.052664,-78.878358
1820,New Bern,NC,3663,35.108493,-77.044114
1820,Raleigh,NC,2674,35.77959,-78.638179
1820,Wilmington,NC,2633,34.225726,-77.94471
1820,Portsmouth,NH,7327,43.071755,-70.762553
1820,Elizabeth,NJ,3515,40.663992,-74.210701
1820,Trenton,NJ,3942,40.217053,-74.742938
1820,Albany,NY,12630,42.652579,-73.756232
1820,Brooklyn,NY,7175,40.678178,-73.944158
1820,Hudson,NY,5310,42.252865,-73.790959
1820,New York,NY,123706,40.712784,-74.005941
1820,Schenectady,NY,3939,42.814243,-73.939569
1820,Troy,NY,5264,42.728412,-73.691785
1820,Utica,NY,2972,43.100903,-75.232664
1820,Cincinnati,OH,9642,39.103118,-84.51202
1820,Carlisle,PA,2908,40.2025,-77.195
1820,Harrisburg,PA,2990,40.273191,-76.886701
1820,Kensington,PA,7118,39.981726,-75.12812
1820,Lancaster,PA,6633,40.037876,-76.305514
1820,Northern Liberties,PA,19678,39.963692,-75.139944
1820,Philadelphia,PA,,39.952584,-75.165222
1820,Pittsburgh,PA,7248,40.440625,-79.995886
1820,Reading,PA,4332,40.335648,-75.926875
1820,Southwark,PA,14713,39.938263,-75.147241
1820,Spring Garden,PA,3498,39.965673,-75.164753
1820,York,PA,3545,39.962598,-76.727745
1820,Newport,RI,7319,41.490102,-71.312829
1820,Providence,RI,11767,41.823989,-71.412834
1820,Charleston,SC,24780,32.776475,-79.931051
1820,Norfolk,VA,8478,36.850769,-76.285873
1820,Petersburg,VA,6690,37.227928,-77.401927
1820,Richmond,VA,12067,37.540725,-77.436048
1830,Mobile,AL,3194,30.695366,-88.039891
1830,Hartford,CT,7074,41.763711,-72.685093
1830,Middletown,CT,3123,41.562321,-72.650649
1830,New Haven,CT,10180,41.308274,-72.927883
1830,New London,CT,4335,41.355654,-72.099521
1830,Norwich,CT,3135,41.524265,-72.07591
1830,Alexandria,DC,8241,38.804836,-77.046921
1830,Georgetown,DC,8441,38.909706,-77.065356
1830,Washington,DC,18826,38.907192,-77.036871
1830,Augusta,GA,6710,33.473498,-82.010515
1830,Savannah,GA,7303,32.083541,-81.099834
1830,Lexington,KY,6026,38.040584,-84.503716
1830,Louisville,KY,10341,38.252665,-85.758456
1830,New Orleans,LA,46082,29.951066,-90.071532
1830,Andover,MA,4530,42.658336,-71.136795
1830,Beverly,MA,4073,42.558428,-70.880049
1830,Boston,MA,61392,42.360083,-71.05888
1830,Cambridge,MA,6072,42.373616,-71.109733
1830,Charlestown,MA,8783,42.378207,-71.060213
1830,Danvers,MA,4228,42.575001,-70.932122
1830,Dorchester,MA,4074,42.30163,-71.067605
1830,Fall River,MA,4158,41.701491,-71.155045
1830,Gloucester,MA,7510,42.615929,-70.661989
1830,Lowell,MA,6474,42.633425,-71.316172
1830,Lynn,MA,6138,42.466763,-70.949494
1830,Marblehead,MA,5149,42.499958,-70.857802
1830,Middleborough,MA,5008,41.892994,-70.910771
1830,Nantucket,MA,7202,41.28347,-70.099451
1830,New Bedford,MA,7592,41.636215,-70.934205
1830,Newburyport,MA,6375,42.812591,-70.877275
1830,Plymouth,MA,4758,41.958446,-70.667262
1830,Roxbury,MA,5247,42.315198,-71.091375
1830,Salem,MA,13895,42.51954,-70.896716
1830,Springfield,MA,6784,42.101483,-72.589811
1830,Taunton,MA,6042,41.900101,-71.089767
1830,Worcester,MA,4173,42.262593,-71.802293
1830,Annapolis,MD,2623,38.978445,-76.492183
1830,Baltimore,MD,80620,39.290385,-76.612189
1830,Frederick,MD,4427,39.414269,-77.410541
1830,Hagerstown,MD,3371,39.641763,-77.719993
1830,Portland,ME,12598,43.661471,-70.255326
1830,St. Louis,MO,4977,38.627003,-90.199404
1830,Natchez,MS,2789,31.560444,-91.403171
1830,Fayetteville,NC,2868,35.052664,-78.878358
1830,New Bern,NC,3796,35.108493,-77.044114
1830,Wilmington,NC,3791,34.225726,-77.94471
1830,Dover,NH,5449,43.197862,-70.87367
1830,Portsmouth,NH,8026,43.071755,-70.762553
1830,Elizabeth,NJ,3455,40.663992,-74.210701
1830,Newark,NJ,10953,40.735657,-74.172367
1830,Trenton,NJ,3925,40.217053,-74.742938
1830,Albany,NY,24209,42.652579,-73.756232
1830,Brooklyn,NY,12406,40.678178,-73.944158
1830,Buffalo,NY,8668,42.886447,-78.878369
1830,Hudson,NY,5392,42.252865,-73.790959
1830,New York,NY,202589,40.712784,-74.005941
1830,Rochester,NY,9207,43.16103,-77.610922
1830,Schenectady,NY,4268,42.814243,-73.939569
1830,Troy,NY,11556,42.728412,-73.691785
1830,Utica,NY,8323,43.100903,-75.232664
1830,Chillicothe,OH,2846,39.33312,-82.982402
1830,Cincinnati,OH,24831,39.103118,-84.51202
1830,Dayton,OH,2950,39.758948,-84.191607
1830,Steubenville village,OH,2937,40.369791,-80.633964
1830,Zanesville village,OH,3094,39.940345,-82.013192
1830,Allegheny,PA,2801,40.445081,-80.008775
1830,Carlisle,PA,3707,40.2025,-77.195
1830,Easton,PA,3529,40.688432,-75.220732
1830,Harrisburg,PA,4312,40.273191,-76.886701
1830,Kensington,PA,13394,39.981726,-75.12812
1830,Lancaster,PA,7704,40.037876,-76.305514
1830,Moyamensing,PA,6822,39.917692,-75.17043
1830,Northern Liberties,PA,28872,39.963692,-75.139944
1830,Philadelphia,PA,80462,39.952584,-75.165222
1830,Pittsburgh,PA,12568,40.440625,-79.995886
1830,Reading,PA,5856,40.335648,-75.926875
1830,Southwark,PA,20581,39.938263,-75.147241
1830,Spring Garden,PA,11140,39.965673,-75.164753
1830,York,PA,4216,39.962598,-76.727745
1830,Newport,RI,8010,41.490102,-71.312829
1830,Providence,RI,16833,41.823989,-71.412834
1830,Warwick,RI,5529,41.700101,-71.416167
1830,Charleston,SC,30289,32.776475,-79.931051
1830,Columbia,SC,3310,34.00071,-81.034814
1830,Nashville,TN,5566,36.162664,-86.781602
1830,Fredericksburg,VA,3308,38.303184,-77.46054
1830,Lynchburg,VA,4630,37.413754,-79.142246
1830,Norfolk,VA,9814,36.850769,-76.285873
1830,Petersburg,VA,8322,37.227928,-77.401927
1830,Richmond,VA,16060,37.540725,-77.436048
1840,Mobile,AL,12672,30.695366,-88.039891
1840,Hartford,CT,9468,41.763711,-72.685093
1840,New Haven,CT,12960,41.308274,-72.927883
1840,New London,CT,5519,41.355654,-72.099521
1840,Alexandria,DC,8459,38.804836,-77.046921
1840,Georgetown,DC,7312,38.909706,-77.065356
1840,Washington,DC,23364,38.907192,-77.036871
1840,Wilmington,DE,8367,39.739072,-75.539788
1840,Augusta,GA,6403,33.473498,-82.010515
1840,Savannah,GA,11214,32.083541,-81.099834
1840,Chicago,IL,4470,41.878114,-87.629798
1840,New Albany,IN,4226,38.285625,-85.824131
1840,Lexington,KY,6997,38.040584,-84.503716
1840,Louisville,KY,21210,38.252665,-85.758456
1840,New Orleans,LA,102193,29.951066,-90.071532
1840,Andover,MA,5207,42.658336,-71.136795
1840,Barnstable,MA,4301,41.700321,-70.300202
1840,Beverly,MA,4689,42.558428,-70.880049
1840,Boston,MA,93383,42.360083,-71.05888
1840,Cambridge,MA,8409,42.373616,-71.109733
1840,Charlestown,MA,11484,42.378207,-71.060213
1840,Danvers,MA,5020,42.575001,-70.932122
1840,Dorchester,MA,4875,42.30163,-71.067605
1840,Fall River,MA,6738,41.701491,-71.155045
1840,Gloucester,MA,6350,42.615929,-70.661989
1840,Haverhill,MA,4336,42.776202,-71.07728
1840,Lowell,MA,20796,42.633425,-71.316172
1840,Lynn,MA,9367,42.466763,-70.949494
1840,Marblehead,MA,5575,42.499958,-70.857802
1840,Middleborough,MA,5085,41.892994,-70.910771
1840,Nantucket,MA,9012,41.28347,-70.099451
1840,New Bedford,MA,12087,41.636215,-70.934205
1840,Newburyport,MA,7161,42.812591,-70.877275
1840,Plymouth,MA,5281,41.958446,-70.667262
1840,Roxbury,MA,9089,42.315198,-71.091375
1840,Salem,MA,15082,42.51954,-70.896716
1840,Springfield,MA,10985,42.101483,-72.589811
1840,Taunton,MA,7645,41.900101,-71.089767
1840,Worcester,MA,7497,42.262593,-71.802293
1840,Baltimore,MD,102313,39.290385,-76.612189
1840,Frederick,MD,5182,39.414269,-77.410541
1840,Augusta,ME,5314,44.310624,-69.77949
1840,Bangor,ME,8627,44.801182,-68.777814
1840,Bath,ME,5141,43.910635,-69.820602
1840,Gardiner,ME,5042,44.23007,-69.775322
1840,Portland,ME,15218,43.661471,-70.255326
1840,Detroit,MI,9102,42.331427,-83.045754
1840,St. Louis,MO,16469,38.627003,-90.199404
1840,Fayetteville,NC,4285,35.052664,-78.878358
1840,Wilmington,NC,5335,34.225726,-77.94471
1840,Concord,NH,4897,43.208137,-71.537572
1840,Dover,NH,6458,43.197862,-70.87367
1840,Nashua,NH,6054,42.765366,-71.467566
1840,Portsmouth,NH,7887,43.071755,-70.762553
1840,Newark,NJ,17290,40.735657,-74.172367
1840,Paterson,NJ,7596,40.916765,-74.171811
1840,Albany,NY,33721,42.652579,-73.756232
1840,Auburn,NY,5626,42.931734,-76.566053
1840,Brooklyn,NY,36233,40.678178,-73.944158
1840,Buffalo,NY,18213,42.886447,-78.878369
1840,Hudson,NY,5672,42.252865,-73.790959
1840,New York,NY,312710,40.712784,-74.005941
1840,Rochester,NY,20191,43.16103,-77.610922
1840,Schenectady,NY,6784,42.814243,-73.939569
1840,Troy,NY,19334,42.728412,-73.691785
1840,Utica,NY,12782,43.100903,-75.232664
1840,Cincinnati,OH,46338,39.103118,-84.51202
1840,Cleveland,OH,6071,41.49932,-81.694361
1840,Columbus,OH,6048,39.961176,-82.998794
1840,Dayton,OH,6067,39.758948,-84.191607
1840,Steubenville village,OH,4247,40.369791,-80.633964
1840,Zanesville village,OH,4766,39.940345,-82.013192
1840,Allegheny,PA,10089,40.445081,-80.008775
1840,Carlisle,PA,4351,40.2025,-77.195
1840,Easton,PA,4865,40.688432,-75.220732
1840,Harrisburg,PA,5980,40.273191,-76.886701
1840,Kensington,PA,22314,39.981726,-75.12812
1840,Lancaster,PA,8417,40.037876,-76.305514
1840,Moyamensing,PA,14573,39.917692,-75.17043
1840,Northern Liberties,PA,34474,39.963692,-75.139944
1840,Philadelphia,PA,93665,39.952584,-75.165222
1840,Pittsburgh,PA,21115,40.440625,-79.995886
1840,Pottsville,PA,4345,40.685646,-76.195499
1840,Reading,PA,8410,40.335648,-75.926875
1840,Southwark,PA,27548,39.938263,-75.147241
1840,Spring Garden,PA,27849,39.965673,-75.164753
1840,York,PA,4779,39.962598,-76.727745
1840,Cumberland,RI,5225,41.966667,-71.432778
1840,Newport,RI,8333,41.490102,-71.312829
1840,Providence,RI,23171,41.823989,-71.412834
1840,Warwick,RI,6726,41.700101,-71.416167
1840,Charleston,SC,29261,32.776475,-79.931051
1840,Columbia,SC,4340,34.00071,-81.034814
1840,Nashville,TN,6929,36.162664,-86.781602
1840,Lynchburg,VA,6395,37.413754,-79.142246
1840,Norfolk,VA,10920,36.850769,-76.285873
1840,Petersburg,VA,11136,37.227928,-77.401927
1840,Portsmouth,VA,6477,36.835426,-76.298274
1840,Richmond,VA,20153,37.540725,-77.436048
1840,Wheeling,VA,7885,37.689035,-77.3936
1850,Chicopee,MA,8291,42.148704,-72.607867
1850,Mobile,AL,20515,30.695366,-88.039891
1850,Montgomery,AL,8728,32.366805,-86.299969
1850,San Francisco,CA,34700,37.77493,-122.419416
1850,Hartford,CT,13555,41.763711,-72.685093
1850,New Haven,CT,20345,41.308274,-72.927883
1850,New London,CT,8991,41.355654,-72.099521
1850,Georgetown,DC,8366,38.909706,-77.065356
1850,Washington,DC,40001,38.907192,-77.036871
1850,Wilmington,DE,13979,39.739072,-75.539788
1850,Augusta,GA,9448,33.473498,-82.010515
1850,Savannah,GA,15312,32.083541,-81.099834
1850,Chicago,IL,29963,41.878114,-87.629798
1850,Indianapolis,IN,8091,39.768403,-86.158068
1850,Madison,IN,8012,38.735893,-85.379958
1850,New Albany,IN,8181,38.285625,-85.824131
1850,Covington,KY,9408,39.083671,-84.508554
1850,Lexington,KY,8159,38.040584,-84.503716
1850,Louisville,KY,43194,38.252665,-85.758456
1850,New Orleans,LA,116375,29.951066,-90.071532
1850,Lafayette,LA,14190,30.22409,-92.019843
1850,Boston,MA,136881,42.360083,-71.05888
1850,Cambridge,MA,15215,42.373616,-71.109733
1850,Charlestown,MA,17216,42.378207,-71.060213
1850,Danvers,MA,8109,42.575001,-70.932122
1850,Dorchester,MA,7969,42.30163,-71.067605
1850,Fall River,MA,11524,41.701491,-71.155045
1850,Gloucester,MA,7786,42.615929,-70.661989
1850,Lawrence,MA,8282,42.707035,-71.163114
1850,Lowell,MA,33383,42.633425,-71.316172
1850,Lynn,MA,14257,42.466763,-70.949494
1850,Nantucket,MA,8452,41.28347,-70.099451
1850,New Bedford,MA,16443,41.636215,-70.934205
1850,Newburyport,MA,9572,42.812591,-70.877275
1850,Roxbury,MA,18364,42.315198,-71.091375
1850,Salem,MA,20264,42.51954,-70.896716
1850,Springfield,MA,11766,42.101483,-72.589811
1850,Taunton,MA,10441,41.900101,-71.089767
1850,Worcester,MA,17049,42.262593,-71.802293
1850,Baltimore,MD,169054,39.290385,-76.612189
1850,Augusta,ME,8225,44.310624,-69.77949
1850,Bangor,ME,14432,44.801182,-68.777814
1850,Bath,ME,8020,43.910635,-69.820602
1850,Portland,ME,20815,43.661471,-70.255326
1850,Detroit,MI,21019,42.331427,-83.045754
1850,St. Louis,MO,77860,38.627003,-90.199404
1850,Wilmington,NC,7264,34.225726,-77.94471
1850,Concord,NH,8576,43.208137,-71.537572
1850,Dover,NH,8196,43.197862,-70.87367
1850,Manchester,NH,13932,42.99564,-71.454789
1850,Portsmouth,NH,9738,43.071755,-70.762553
1850,Camden,NJ,9479,39.925946,-75.11962
1850,Newark,NJ,38894,40.735657,-74.172367
1850,Paterson,NJ,11334,40.916765,-74.171811
1850,Albany,NY,50763,42.652579,-73.756232
1850,Auburn,NY,9548,42.931734,-76.566053
1850,Brooklyn,NY,96838,40.678178,-73.944158
1850,Buffalo,NY,42261,42.886447,-78.878369
1850,New York,NY,515547,40.712784,-74.005941
1850,Oswego,NY,12205,43.455346,-76.510497
1850,Poughkeepsie,NY,11511,41.700371,-73.92097
1850,Rochester,NY,36403,43.16103,-77.610922
1850,Schenectady,NY,8921,42.814243,-73.939569
1850,Syracuse,NY,22271,43.048122,-76.147424
1850,Troy,NY,28785,42.728412,-73.691785
1850,Utica,NY,17565,43.100903,-75.232664
1850,West Troy,NY,7564,42.731697,-73.682131
1850,Williamsburgh,NY,30780,40.708116,-73.95707
1850,Cincinnati,OH,115435,39.103118,-84.51202
1850,Cleveland,OH,17034,41.49932,-81.694361
1850,Columbus,OH,17882,39.961176,-82.998794
1850,Dayton,OH,10977,39.758948,-84.191607
1850,Zanesville,OH,7929,39.940345,-82.013192
1850,Allegheny,PA,21262,40.445081,-80.008775
1850,Easton,PA,7250,40.688432,-75.220732
1850,Harrisburg,PA,7834,40.273191,-76.886701
1850,Kensington,PA,46774,39.981726,-75.12812
1850,Lancaster,PA,12369,40.037876,-76.305514
1850,Moyamensing,PA,26979,39.917692,-75.17043
1850,Northern Liberties,PA,47223,39.963692,-75.139944
1850,Philadelphia,PA,121376,39.952584,-75.165222
1850,Pittsburgh,PA,46601,40.440625,-79.995886
1850,Pottsville,PA,7515,40.685646,-76.195499
1850,Reading,PA,15743,40.335648,-75.926875
1850,Southwark,PA,38799,39.938263,-75.147241
1850,Spring Garden,PA,58894,39.965673,-75.164753
1850,Newport,RI,9563,41.490102,-71.312829
1850,North Providence,RI,7680,41.853552,-71.467664
1850,Providence,RI,41513,41.823989,-71.412834
1850,Warwick,RI,7740,41.700101,-71.416167
1850,Charleston,SC,42985,32.776475,-79.931051
1850,Memphis,TN,8841,35.149534,-90.04898
1850,Nashville,TN,10165,36.162664,-86.781602
1850,Alexandria,VA,8734,38.804836,-77.046921
1850,Lynchburg,VA,8071,37.413754,-79.142246
1850,Norfolk,VA,14326,36.850769,-76.285873
1850,Petersburg,VA,14010,37.227928,-77.401927
1850,Portsmouth,VA,8626,36.835426,-76.298274
1850,Richmond,VA,27570,37.540725,-77.436048
1850,Wheeling,VA,11435,37.689035,-77.3936
1850,Milwaukee,WI,20061,43.038903,-87.906474
1860,Mobile,AL,29258,30.695366,-88.039891
1860,Sacramento,CA,13785,38.581572,-121.4944
1860,San Francisco,CA,56802,37.77493,-122.419416
1860,Bridgeport,CT,12106,41.186548,-73.195177
1860,Hartford,CT,26917,41.763711,-72.685093
1860,New Haven,CT,39267,41.308274,-72.927883
1860,New London,CT,10115,41.355654,-72.099521
1860,Norwich,CT,14048,41.524265,-72.07591
1860,Waterbury,CT,10004,41.558153,-73.051496
1860,Washington,DC,61122,38.907192,-77.036871
1860,Wilmington,DE,21258,39.739072,-75.539788
1860,Atlanta,GA,9554,33.748995,-84.387982
1860,Augusta,GA,12493,33.473498,-82.010515
1860,Columbus,GA,9621,32.460976,-84.987709
1860,Savannah,GA,22292,32.083541,-81.099834
1860,Davenport,IA,11267,41.523644,-90.577637
1860,Dubuque,IA,13000,42.500558,-90.664572
1860,Chicago,IL,112172,41.878114,-87.629798
1860,Peoria,IL,14045,40.693649,-89.588986
1860,Quincy,IL,13718,39.935602,-91.409873
1860,Evansville,IN,11484,37.971559,-87.57109
1860,Indianapolis,IN,18611,39.768403,-86.158068
1860,New Albany,IN,12647,38.285625,-85.824131
1860,Covington,KY,16471,39.083671,-84.508554
1860,Louisville,KY,68033,38.252665,-85.758456
1860,Newport,KY,10046,39.091449,-84.495776
1860,New Orleans,LA,168675,29.951066,-90.071532
1860,Boston,MA,177840,42.360083,-71.05888
1860,Cambridge,MA,26060,42.373616,-71.109733
1860,Charlestown,MA,25065,42.378207,-71.060213
1860,Chelsea,MA,13395,42.391764,-71.032828
1860,Dorchester,MA,9769,42.30163,-71.067605
1860,Fall River,MA,14026,41.701491,-71.155045
1860,Gloucester,MA,10904,42.615929,-70.661989
1860,Haverhill,MA,9995,42.776202,-71.07728
1860,Lawrence,MA,17639,42.707035,-71.163114
1860,Lowell,MA,36827,42.633425,-71.316172
1860,Lynn,MA,19083,42.466763,-70.949494
1860,New Bedford,MA,22300,41.636215,-70.934205
1860,Newburyport,MA,13401,42.812591,-70.877275
1860,Roxbury,MA,25137,42.315198,-71.091375
1860,Salem,MA,22252,42.51954,-70.896716
1860,Springfield,MA,15199,42.101483,-72.589811
1860,Taunton,MA,15376,41.900101,-71.089767
1860,Worcester,MA,24960,42.262593,-71.802293
1860,Baltimore,MD,212418,39.290385,-76.612189
1860,Bangor,ME,16407,44.801182,-68.777814
1860,Portland,ME,26341,43.661471,-70.255326
1860,Detroit,MI,45619,42.331427,-83.045754
1860,St. Paul,MN,10401,44.953703,-93.089958
1860,St. Louis,MO,160773,38.627003,-90.199404
1860,Wilmington,NC,9552,34.225726,-77.94471
1860,Concord,NH,10896,43.208137,-71.537572
1860,Manchester,NH,20107,42.99564,-71.454789
1860,Nashua,NH,10065,42.765366,-71.467566
1860,Camden,NJ,14358,39.925946,-75.11962
1860,Elizabeth,NJ,11567,40.663992,-74.210701
1860,Hoboken,NJ,9662,40.743991,-74.032363
1860,Jersey City,NJ,29226,40.728157,-74.077642
1860,New Brunswick,NJ,11256,40.486216,-74.451819
1860,Newark,NJ,71941,40.735657,-74.172367
1860,Paterson,NJ,19586,40.916765,-74.171811
1860,Trenton,NJ,17228,40.217053,-74.742938
1860,Albany,NY,62367,42.652579,-73.756232
1860,Auburn,NY,10986,42.931734,-76.566053
1860,Brooklyn,NY,266661,40.678178,-73.944158
1860,Buffalo,NY,81129,42.886447,-78.878369
1860,Lockport village,NY,10871,43.170613,-78.69031
1860,New York,NY,813669,40.712784,-74.005941
1860,Newburgh village,NY,12578,41.503427,-74.010418
1860,Oswego,NY,16816,43.455346,-76.510497
1860,Poughkeepsie,NY,14726,41.700371,-73.92097
1860,Rochester,NY,48204,43.16103,-77.610922
1860,Schenectady,NY,9579,42.814243,-73.939569
1860,Syracuse,NY,28119,43.048122,-76.147424
1860,Troy,NY,39235,42.728412,-73.691785
1860,Utica,NY,22529,43.100903,-75.232664
1860,Cincinnati,OH,161044,39.103118,-84.51202
1860,Cleveland,OH,43417,41.49932,-81.694361
1860,Columbus,OH,18554,39.961176,-82.998794
1860,Dayton,OH,20081,39.758948,-84.191607
1860,Toledo,OH,13768,41.663938,-83.555212
1860,Allegheny,PA,28702,40.445081,-80.008775
1860,Harrisburg,PA,13405,40.273191,-76.886701
1860,Lancaster,PA,17603,40.037876,-76.305514
1860,Philadelphia,PA,565529,39.952584,-75.165222
1860,Pittsburgh,PA,49221,40.440625,-79.995886
1860,Reading,PA,23162,40.335648,-75.926875
1860,Newport,RI,10508,41.490102,-71.312829
1860,Providence,RI,50666,41.823989,-71.412834
1860,North Providence,RI.,11818,41.853552,-71.467664
1860,Charleston,SC,40522,32.776475,-79.931051
1860,Memphis,TN,22623,35.149534,-90.04898
1860,Nashville,TN,16988,36.162664,-86.781602
1860,Alexandria,VA,12652,38.804836,-77.046921
1860,Norfolk,VA,14620,36.850769,-76.285873
1860,Petersburg,VA,18266,37.227928,-77.401927
1860,Richmond,VA,37910,37.540725,-77.436048
1860,Wheeling,VA,14083,37.689035,-77.3936
1860,Milwaukee,WI,45246,43.038903,-87.906474
1870,Mobile,AL,32034,30.695366,-88.039891
1870,Sacramento,CA,16283,38.581572,-121.4944
1870,San Francisco,CA,149473,37.77493,-122.419416
1870,Bridgeport,CT,18969,41.186548,-73.195177
1870,Hartford,CT,37180,41.763711,-72.685093
1870,New Haven,CT,50840,41.308274,-72.927883
1870,Norwich,CT,16653,41.524265,-72.07591
1870,Washington,DC,109199,38.907192,-77.036871
1870,Wilmington,DE,30841,39.739072,-75.539788
1870,Atlanta,GA,21789,33.748995,-84.387982
1870,Augusta,GA,15389,33.473498,-82.010515
1870,Savannah,GA,28235,32.083541,-81.099834
1870,Burlington,IA,14930,40.807653,-91.11289
1870,Davenport,IA,20038,41.523644,-90.577637
1870,Dubuque,IA,18434,42.500558,-90.664572
1870,Chicago,IL,298977,41.878114,-87.629798
1870,Peoria,IL,22849,40.693649,-89.588986
1870,Quincy,IL,24052,39.935602,-91.409873
1870,Springfield,IL,17364,39.781721,-89.650148
1870,Evansville,IN,21830,37.971559,-87.57109
1870,Fort Wayne,IN,17718,41.079273,-85.139351
1870,Indianapolis,IN,48244,39.768403,-86.158068
1870,New Albany,IN,15396,38.285625,-85.824131
1870,Terre Haute,IN,16103,39.466703,-87.413909
1870,Leavenworth,KS,17873,39.311111,-94.922464
1870,Covington,KY,24505,39.083671,-84.508554
1870,Louisville,KY,100753,38.252665,-85.758456
1870,Newport,KY,15087,39.091449,-84.495776
1870,New Orleans,LA,191418,29.951066,-90.071532
1870,Boston,MA,250526,42.360083,-71.05888
1870,Cambridge,MA,39634,42.373616,-71.109733
1870,Charlestown,MA,28323,42.378207,-71.060213
1870,Chelsea,MA,18547,42.391764,-71.032828
1870,Fall River,MA,26766,41.701491,-71.155045
1870,Gloucester,MA,15389,42.615929,-70.661989
1870,Lawrence,MA,28921,42.707035,-71.163114
1870,Lowell,MA,40928,42.633425,-71.316172
1870,Lynn,MA,28233,42.466763,-70.949494
1870,New Bedford,MA,21320,41.636215,-70.934205
1870,Salem,MA,24117,42.51954,-70.896716
1870,Springfield,MA,26703,42.101483,-72.589811
1870,Taunton,MA,18629,41.900101,-71.089767
1870,Worcester,MA,41105,42.262593,-71.802293
1870,Baltimore,MD,267354,39.290385,-76.612189
1870,Bangor,ME,18289,44.801182,-68.777814
1870,Portland,ME,31413,43.661471,-70.255326
1870,Detroit,MI,79577,42.331427,-83.045754
1870,Grand Rapids,MI,16507,42.96336,-85.668086
1870,St. Paul,MN,20030,44.953703,-93.089958
1870,Kansas City,MO,32260,39.099727,-94.578567
1870,St. Joseph,MO,19565,39.767458,-94.846681
1870,St. Louis,MO,310864,38.627003,-90.199404
1870,Omaha,NE,16083,41.252363,-95.997988
1870,Manchester,NH,23536,42.99564,-71.454789
1870,Camden,NJ,20045,39.925946,-75.11962
1870,Elizabeth,NJ,20832,40.663992,-74.210701
1870,Hoboken,NJ,20297,40.743991,-74.032363
1870,Jersey City,NJ,82546,40.728157,-74.077642
1870,New Brunswick,NJ,15058,40.486216,-74.451819
1870,Newark,NJ,105059,40.735657,-74.172367
1870,Paterson,NJ,33579,40.916765,-74.171811
1870,Trenton,NJ,22874,40.217053,-74.742938
1870,Albany,NY,69422,42.652579,-73.756232
1870,Auburn,NY,17225,42.931734,-76.566053
1870,Brooklyn,NY,396099,40.678178,-73.944158
1870,Buffalo,NY,117714,42.886447,-78.878369
1870,Cohoes,NY,15357,42.774245,-73.700119
1870,Elmira,NY,15863,42.089797,-76.807734
1870,New York,NY,942292,40.712784,-74.005941
1870,Newburgh,NY,17014,41.503427,-74.010418
1870,Oswego,NY,20910,43.455346,-76.510497
1870,Poughkeepsie,NY,20080,41.700371,-73.92097
1870,Rochester,NY,62386,43.16103,-77.610922
1870,Syracuse,NY,43051,43.048122,-76.147424
1870,Troy,NY,46465,42.728412,-73.691785
1870,Utica,NY,28804,43.100903,-75.232664
1870,Cincinnati,OH,216239,39.103118,-84.51202
1870,Cleveland,OH,92829,41.49932,-81.694361
1870,Columbus,OH,31274,39.961176,-82.998794
1870,Dayton,OH,30473,39.758948,-84.191607
1870,Toledo,OH,31584,41.663938,-83.555212
1870,Allegheny,PA,53180,40.445081,-80.008775
1870,Erie,PA,19646,42.129224,-80.085059
1870,Harrisburg,PA,23104,40.273191,-76.886701
1870,Lancaster,PA,20233,40.037876,-76.305514
1870,Philadelphia,PA,674022,39.952584,-75.165222
1870,Pittsburgh,PA,86076,40.440625,-79.995886
1870,Reading,PA,33930,40.335648,-75.926875
1870,Scranton,PA,35092,41.408969,-75.662412
1870,Williamsport,PA,16030,41.24119,-77.001079
1870,Providence,RI,68904,41.823989,-71.412834
1870,North Providence,RI.,20495,41.853552,-71.467664
1870,Charleston,SC,48956,32.776475,-79.931051
1870,Memphis,TN,40226,35.149534,-90.04898
1870,Nashville,TN,25865,36.162664,-86.781602
1870,Norfolk,VA,19229,36.850769,-76.285873
1870,Petersburg,VA,18950,37.227928,-77.401927
1870,Richmond,VA,51038,37.540725,-77.436048
1870,Milwaukee,WI,71440,43.038903,-87.906474
1870,Wheeling,WV,19280,40.063962,-80.720915
1880,Mobile,AL,29132,30.695366,-88.039891
1880,Oakland,CA,34555,37.804364,-122.271114
1880,Sacramento,CA,21420,38.581572,-121.4944
1880,San Francisco,CA,233959,37.77493,-122.419416
1880,Denver,CO,35629,39.739236,-104.990251
1880,Bridgeport,CT,27643,41.186548,-73.195177
1880,Hartford,CT,42015,41.763711,-72.685093
1880,New Haven,CT,62882,41.308274,-72.927883
1880,Washington,DC,147293,38.907192,-77.036871
1880,Wilmington,DE,42478,39.739072,-75.539788
1880,Atlanta,GA,37409,33.748995,-84.387982
1880,Augusta,GA,21891,33.473498,-82.010515
1880,Savannah,GA,30709,32.083541,-81.099834
1880,Davenport,IA,21831,41.523644,-90.577637
1880,Des Moines,IA,22408,41.600545,-93.609106
1880,Dubuque,IA,22254,42.500558,-90.664572
1880,Chicago,IL,503185,41.878114,-87.629798
1880,Peoria,IL,29259,40.693649,-89.588986
1880,Quincy,IL,27268,39.935602,-91.409873
1880,Springfield,IL,19743,39.781721,-89.650148
1880,Evansville,IN,29280,37.971559,-87.57109
1880,Fort Wayne,IN,26880,41.079273,-85.139351
1880,Indianapolis,IN,75056,39.768403,-86.158068
1880,Terre Haute,IN,26042,39.466703,-87.413909
1880,Covington,KY,29720,39.083671,-84.508554
1880,Louisville,KY,123758,38.252665,-85.758456
1880,Newport,KY,20433,39.091449,-84.495776
1880,New Orleans,LA,216090,29.951066,-90.071532
1880,Boston,MA,362839,42.360083,-71.05888
1880,Cambridge,MA,52669,42.373616,-71.109733
1880,Chelsea,MA,21782,42.391764,-71.032828
1880,Fall River,MA,48961,41.701491,-71.155045
1880,Holyoke,MA,21915,42.204259,-72.616201
1880,Lawrence,MA,39151,42.707035,-71.163114
1880,Lowell,MA,59475,42.633425,-71.316172
1880,Lynn,MA,38274,42.466763,-70.949494
1880,New Bedford,MA,26845,41.636215,-70.934205
1880,Salem,MA,27563,42.51954,-70.896716
1880,Somerville,MA,24933,42.387597,-71.099497
1880,Springfield,MA,33340,42.101483,-72.589811
1880,Taunton,MA,21213,41.900101,-71.089767
1880,Worcester,MA,58291,42.262593,-71.802293
1880,Baltimore,MD,332313,39.290385,-76.612189
1880,Portland,ME,33810,43.661471,-70.255326
1880,Bay City,MI,20693,43.594468,-83.888865
1880,Detroit,MI,116340,42.331427,-83.045754
1880,Grand Rapids,MI,32016,42.96336,-85.668086
1880,Minneapolis,MN,46887,44.977753,-93.265011
1880,St. Paul,MN,41473,44.953703,-93.089958
1880,Kansas City,MO,55785,39.099727,-94.578567
1880,St. Joseph,MO,32431,39.767458,-94.846681
1880,St. Louis,MO,350518,38.627003,-90.199404
1880,Omaha,NE,30518,41.252363,-95.997988
1880,Manchester,NH,32630,42.99564,-71.454789
1880,Camden,NJ,41659,39.925946,-75.11962
1880,Elizabeth,NJ,28229,40.663992,-74.210701
1880,Harrisburg,NJ,30762,40.25436,-74.09068
1880,Hoboken,NJ,30999,40.743991,-74.032363
1880,Jersey City,NJ,120722,40.728157,-74.077642
1880,Newark,NJ,136508,40.735657,-74.172367
1880,Paterson,NJ,51031,40.916765,-74.171811
1880,Trenton,NJ,29910,40.217053,-74.742938
1880,Albany,NY,90758,42.652579,-73.756232
1880,Auburn,NY,21924,42.931734,-76.566053
1880,Brooklyn,NY,566663,40.678178,-73.944158
1880,Buffalo,NY,155134,42.886447,-78.878369
1880,Elmira,NY,20541,42.089797,-76.807734
1880,New York,NY,1206299,40.712784,-74.005941
1880,Oswego,NY,21116,43.455346,-76.510497
1880,Poughkeepsie,NY,20207,41.700371,-73.92097
1880,Rochester,NY,89366,43.16103,-77.610922
1880,Syracuse,NY,51792,43.048122,-76.147424
1880,Troy,NY,56747,42.728412,-73.691785
1880,Utica,NY,33914,43.100903,-75.232664
1880,Cincinnati,OH,255139,39.103118,-84.51202
1880,Cleveland,OH,160146,41.49932,-81.694361
1880,Columbus,OH,51647,39.961176,-82.998794
1880,Dayton,OH,38678,39.758948,-84.191607
1880,Springfield,OH,20730,39.924227,-83.808817
1880,Toledo,OH,50137,41.663938,-83.555212
1880,Allegheny,PA,78682,40.445081,-80.008775
1880,Erie,PA,27737,42.129224,-80.085059
1880,Lancaster,PA,25769,40.037876,-76.305514
1880,Philadelphia,PA,847170,39.952584,-75.165222
1880,Pittsburgh,PA,156389,40.440625,-79.995886
1880,Reading,PA,43278,40.335648,-75.926875
1880,Scranton,PA,45850,41.408969,-75.662412
1880,Wilkes-Barre,PA,23339,41.245915,-75.881307
1880,Providence,RI,104857,41.823989,-71.412834
1880,Charleston,SC,49984,32.776475,-79.931051
1880,Memphis,TN,33592,35.149534,-90.04898
1880,Nashville,TN,43350,36.162664,-86.781602
1880,Galveston,TX,22248,29.301348,-94.797696
1880,San Antonio,TX,20550,29.424122,-98.493628
1880,Salt Lake City,UT,20768,40.760779,-111.891047
1880,Norfolk,VA,21966,36.850769,-76.285873
1880,Petersburg,VA,21656,37.227928,-77.401927
1880,Richmond,VA,63600,37.540725,-77.436048
1880,Milwaukee,WI,115587,43.038903,-87.906474
1880,Wheeling,WV,30737,40.063962,-80.720915
1890,Mobile,AL,31076,30.695366,-88.039891
1890,Los Angeles,CA,50395,34.052234,-118.243685
1890,Oakland,CA,48682,37.804364,-122.271114
1890,San Francisco,CA,298997,37.77493,-122.419416
1890,Denver,CO,106713,39.739236,-104.990251
1890,Bridgeport,CT,48866,41.186548,-73.195177
1890,Hartford,CT,53230,41.763711,-72.685093
1890,New Haven,CT,86045,41.308274,-72.927883
1890,Washington,DC,230392,38.907192,-77.036871
1890,Wilmington,DE,61431,39.739072,-75.539788
1890,Atlanta,GA,65533,33.748995,-84.387982
1890,Augusta,GA,33300,33.473498,-82.010515
1890,Savannah,GA,43189,32.083541,-81.099834
1890,Des Moines,IA,50093,41.600545,-93.609106
1890,Sioux City,IA,37806,42.499994,-96.400307
1890,Chicago,IL,1099850,41.878114,-87.629798
1890,Peoria,IL,41024,40.693649,-89.588986
1890,Quincy,IL,31494,39.935602,-91.409873
1890,Evansville,IN,50756,37.971559,-87.57109
1890,Fort Wayne,IN,35393,41.079273,-85.139351
1890,Indianapolis,IN,105436,39.768403,-86.158068
1890,Kansas City,KS,38316,39.114053,-94.627464
1890,Topeka,KS,31007,39.055824,-95.689018
1890,Covington,KY,37371,39.083671,-84.508554
1890,Louisville,KY,161129,38.252665,-85.758456
1890,New Orleans,LA,242039,29.951066,-90.071532
1890,Boston,MA,448477,42.360083,-71.05888
1890,Cambridge,MA,70028,42.373616,-71.109733
1890,Fall River,MA,74398,41.701491,-71.155045
1890,Holyoke,MA,35637,42.204259,-72.616201
1890,Lawrence,MA,44654,42.707035,-71.163114
1890,Lowell,MA,77696,42.633425,-71.316172
1890,Lynn,MA,55727,42.466763,-70.949494
1890,New Bedford,MA,40733,41.636215,-70.934205
1890,Salem,MA,30801,42.51954,-70.896716
1890,Somerville,MA,40152,42.387597,-71.099497
1890,Springfield,MA,44179,42.101483,-72.589811
1890,Worcester,MA,84655,42.262593,-71.802293
1890,Baltimore,MD,434439,39.290385,-76.612189
1890,Portland,ME,36425,43.661471,-70.255326
1890,Detroit,MI,205876,42.331427,-83.045754
1890,Grand Rapids,MI,60278,42.96336,-85.668086
1890,Saginaw,MI,46322,43.41947,-83.950807
1890,Duluth,MN,33115,46.786672,-92.100485
1890,Minneapolis,MN,164738,44.977753,-93.265011
1890,St. Paul,MN,133156,44.953703,-93.089958
1890,Kansas City,MO,132716,39.099727,-94.578567
1890,St. Joseph,MO,52324,39.767458,-94.846681
1890,St. Louis,MO,451770,38.627003,-90.199404
1890,Lincoln,NE,55154,40.810556,-96.680278
1890,Omaha,NE,140452,41.252363,-95.997988
1890,Manchester,NH,44126,42.99564,-71.454789
1890,Camden,NJ,58313,39.925946,-75.11962
1890,Elizabeth,NJ,37764,40.663992,-74.210701
1890,Hoboken,NJ,43648,40.743991,-74.032363
1890,Jersey City,NJ,163003,40.728157,-74.077642
1890,Newark,NJ,181830,40.735657,-74.172367
1890,Paterson,NJ,78347,40.916765,-74.171811
1890,Trenton,NJ,57458,40.217053,-74.742938
1890,Albany,NY,94923,42.652579,-73.756232
1890,Binghamton,NY,35005,42.098687,-75.917974
1890,Brooklyn,NY,806343,40.678178,-73.944158
1890,Buffalo,NY,255664,42.886447,-78.878369
1890,Elmira,NY,30893,42.089797,-76.807734
1890,New York,NY,1515301,40.712784,-74.005941
1890,Rochester,NY,133896,43.16103,-77.610922
1890,Syracuse,NY,88143,43.048122,-76.147424
1890,Troy,NY,60956,42.728412,-73.691785
1890,Utica,NY,44007,43.100903,-75.232664
1890,Yonkers,NY,32033,40.93121,-73.898747
1890,Cincinnati,OH,296908,39.103118,-84.51202
1890,Cleveland,OH,261353,41.49932,-81.694361
1890,Columbus,OH,88150,39.961176,-82.998794
1890,Dayton,OH,61220,39.758948,-84.191607
1890,Springfield,OH,31895,39.924227,-83.808817
1890,Toledo,OH,81434,41.663938,-83.555212
1890,Youngstown,OH,33220,41.09978,-80.649519
1890,Portland,OR,46385,45.523062,-122.676482
1890,Allegheny,PA,105287,40.445081,-80.008775
1890,Erie,PA,40634,42.129224,-80.085059
1890,Harrisburg,PA,39385,40.273191,-76.886701
1890,Lancaster,PA,32011,40.037876,-76.305514
1890,Philadelphia,PA,1046964,39.952584,-75.165222
1890,Pittsburgh,PA,238617,40.440625,-79.995886
1890,Reading,PA,58661,40.335648,-75.926875
1890,Scranton,PA,75215,41.408969,-75.662412
1890,Wilkes-Barre,PA,37718,41.245915,-75.881307
1890,Providence,RI,132146,41.823989,-71.412834
1890,Charleston,SC,54955,32.776475,-79.931051
1890,Memphis,TN,64495,35.149534,-90.04898
1890,Nashville,TN,76168,36.162664,-86.781602
1890,Dallas,TX,38067,32.776664,-96.796988
1890,San Antonio,TX,37673,29.424122,-98.493628
1890,Salt Lake City,UT,44843,40.760779,-111.891047
1890,Norfolk,VA,34871,36.850769,-76.285873
1890,Richmond,VA,81388,37.540725,-77.436048
1890,Seattle,WA,42837,47.60621,-122.332071
1890,Tacoma,WA,36006,47.252877,-122.444291
1890,Milwaukee,WI,204468,43.038903,-87.906474
1890,Wheeling,WV,34522,40.063962,-80.720915
1900,Birmingham,AL,38415,33.520661,-86.80249
1900,Mobile,AL,38469,30.695366,-88.039891
1900,Little Rock,AR,38307,34.746481,-92.289595
1900,Los Angeles,CA,102479,34.052234,-118.243685
1900,Oakland,CA,66960,37.804364,-122.271114
1900,San Francisco,CA,342782,37.77493,-122.419416
1900,Denver,CO,133859,39.739236,-104.990251
1900,Bridgeport,CT,70996,41.186548,-73.195177
1900,Hartford,CT,79850,41.763711,-72.685093
1900,New Haven,CT,108027,41.308274,-72.927883
1900,Waterbury,CT,45859,41.558153,-73.051496
1900,Washington,DC,278718,38.907192,-77.036871
1900,Wilmington,DE,76508,39.739072,-75.539788
1900,Atlanta,GA,89872,33.748995,-84.387982
1900,Augusta,GA,39441,33.473498,-82.010515
1900,Savannah city GA,GA,54244,32.083541,-81.099834
1900,Honolulu,HI,39306,21.306944,-157.858333
1900,Des Moines,IA,62139,41.600545,-93.609106
1900,Chicago,IL,1698575,41.878114,-87.629798
1900,Peoria,IL,56100,40.693649,-89.588986
1900,Evansville,IN,59007,37.971559,-87.57109
1900,Fort Wayne,IN,45115,41.079273,-85.139351
1900,Indianapolis,IN,169164,39.768403,-86.158068
1900,Kansas City,KS,51418,39.114053,-94.627464
1900,Covington,KY,42938,39.083671,-84.508554
1900,Louisville,KY,204731,38.252665,-85.758456
1900,New Orleans,LA,287104,29.951066,-90.071532
1900,Boston,MA,560892,42.360083,-71.05888
1900,Brockton,MA,40063,42.083434,-71.018379
1900,Cambridge,MA,91886,42.373616,-71.109733
1900,Fall River,MA,104863,41.701491,-71.155045
1900,Holyoke,MA,45712,42.204259,-72.616201
1900,Lawrence,MA,62559,42.707035,-71.163114
1900,Lowell,MA,94969,42.633425,-71.316172
1900,Lynn,MA,68513,42.466763,-70.949494
1900,New Bedford,MA,62442,41.636215,-70.934205
1900,Somerville,MA,61643,42.387597,-71.099497
1900,Springfield,MA,62059,42.101483,-72.589811
1900,Worcester,MA,118421,42.262593,-71.802293
1900,Baltimore,MD,508957,39.290385,-76.612189
1900,Portland,ME,50145,43.661471,-70.255326
1900,Detroit,MI,285704,42.331427,-83.045754
1900,Grand Rapids,MI,87565,42.96336,-85.668086
1900,Saginaw,MI,42345,43.41947,-83.950807
1900,Duluth,MN,52969,46.786672,-92.100485
1900,Minneapolis,MN,202718,44.977753,-93.265011
1900,St. Paul,MN,163065,44.953703,-93.089958
1900,Kansas City,MO,163752,39.099727,-94.578567
1900,St. Joseph,MO,102979,39.767458,-94.846681
1900,St. Louis,MO,575238,38.627003,-90.199404
1900,Lincoln,NE,40169,40.810556,-96.680278
1900,Omaha,NE,102555,41.252363,-95.997988
1900,Manchester,NH,56987,42.99564,-71.454789
1900,Camden,NJ,75935,39.925946,-75.11962
1900,Elizabeth,NJ,52130,40.663992,-74.210701
1900,Hoboken,NJ,59364,40.743991,-74.032363
1900,Jersey City,NJ,206433,40.728157,-74.077642
1900,Newark,NJ,246070,40.735657,-74.172367
1900,Paterson,NJ,105171,40.916765,-74.171811
1900,Trenton,NJ,73307,40.217053,-74.742938
1900,Albany,NY,94151,42.652579,-73.756232
1900,Binghamton,NY,39647,42.098687,-75.917974
1900,Buffalo,NY,352387,42.886447,-78.878369
1900,New York,NY,3437202,40.712784,-74.005941
1900,Rochester,NY,162608,43.16103,-77.610922
1900,Syracuse,NY,108374,43.048122,-76.147424
1900,Troy,NY,60651,42.728412,-73.691785
1900,Utica,NY,56383,43.100903,-75.232664
1900,Yonkers,NY,47931,40.93121,-73.898747
1900,Akron,OH,42728,41.081445,-81.519005
1900,Cincinnati,OH,325902,39.103118,-84.51202
1900,Cleveland,OH,381768,41.49932,-81.694361
1900,Columbus,OH,125560,39.961176,-82.998794
1900,Dayton,OH,85333,39.758948,-84.191607
1900,Toledo,OH,131822,41.663938,-83.555212
1900,Youngstown,OH,44885,41.09978,-80.649519
1900,Portland,OR,90426,45.523062,-122.676482
1900,Allegheny,PA,129896,40.445081,-80.008775
1900,Altoona,PA,38973,40.518681,-78.394736
1900,Erie,PA,52733,42.129224,-80.085059
1900,Harrisburg,PA,50167,40.273191,-76.886701
1900,Lancaster,PA,41459,40.037876,-76.305514
1900,Philadelphia,PA,1293697,39.952584,-75.165222
1900,Pittsburgh,PA,321616,40.440625,-79.995886
1900,Reading,PA,78961,40.335648,-75.926875
1900,Scranton,PA,102026,41.408969,-75.662412
1900,Wilkes-Barre,PA,51721,41.245915,-75.881307
1900,Pawtucket,RI,39231,41.878711,-71.382556
1900,Providence,RI,175597,41.823989,-71.412834
1900,Charleston,SC,55807,32.776475,-79.931051
1900,Memphis,TN,102320,35.149534,-90.04898
1900,Nashville,TN,80865,36.162664,-86.781602
1900,Dallas,TX,42638,32.776664,-96.796988
1900,Houston,TX,44633,29.760427,-95.369803
1900,San Antonio,TX,53321,29.424122,-98.493628
1900,Salt Lake City,UT,53531,40.760779,-111.891047
1900,Norfolk,VA,46624,36.850769,-76.285873
1900,Richmond,VA,85050,37.540725,-77.436048
1900,Seattle,WA,80671,47.60621,-122.332071
1900,Milwaukee,WI,285315,43.038903,-87.906474
1900,Wheeling,WV,38878,40.063962,-80.720915
